<application>
  <component name="AndroidLogcatFilterHistory">
    <option name="mostRecentlyUsed" value="package:mine" />
    <option name="nonFavorites">
      <list>
        <option value="package:mine" />
        <option value="package:mine -tag=:loitte.oba.pro" />
        <option value="package:mine TAG=:EXAMPLE" />
        <option value="package:mine TAG=:example" />
        <option value="package:mine  tag~:EXAMPLE" />
        <option value="package:mine  -tag=:GED " />
        <option value="package:mine  tag-=GED" />
        <option value="package:mine -tag:OpenGLRenderer" />
        <option value="package:mine  tag~:PRUEBA DE DATOS" />
        <option value="package:mine  tag~:PRUEBA" />
        <option value="package:mine  tag~:" />
      </list>
    </option>
  </component>
</application>